<?xml version="1.0" encoding="UTF-8"?>
<weapons>
	<property name="Ammunition"
		description="Requires Ammunition; requires a free hand to load" value="-1"
		magic="false" />
    <property name="Finesse"
        description="May use Strength or Dexterity" value="1"
        magic="false" />
    <property name="Heavy"
        description="Small Creatures have Disadvantage when using" value="-1"
        magic="false" />
    <property name="Light"
        description="Eligible for Two-Weapon Fighting" value="1"
        magic="false" />
    <property name="Loading"
        description="May only be used one per attack action" value="-2"
        magic="false" />
    <property name="Medium Range"
        description="May be used at range, or at an extended range with Disadvantage; usually 30/120" value="2"
        magic="false" />
    <property name="Reach"
        description="Has an extended Melee Range" value="1"
        magic="false" />
    <property name="Thrown"
        description="Melee Weapon that may be used at range" value="1"
        magic="false" />
    <property name="Two-Handed"
        description="Requires use of both hands" value="-1"
        magic="false" />
    <property name="Versatile"
        description="May be wielded with two hands to improve damage" value="1"
        magic="false" />
    <property name="Mithril"
        description="Heavy Weapon loses Heavy property" value="2"
        magic="true" />
    <property name="Adamantine"
        description="Damage against objects is Critical" value="1"
        magic="true" />
    <property name="Silver"
        description="Damage bypasses non-magical resistances/immunities" value="1"
        magic="true" />
    <property name="Brutal"
        description="Add additional Damage Die to Critical Hit" value="1"
        magic="true" />
    <property name="Superior"
        description="Critical Hit range is expanded" value="1.5"
        magic="true" />
    <property name="Sharpened"
        description="Increased Damage on hit" value="1"
        magic="half" />
    <property name="Balanced"
        description="Increased Attack Roll modifier" value="1"
        magic="half" />
    <property name="Clumsy"
        description="Decreased Attack Roll modifier" value="-1"
        magic="false" />
    <property name="Blunt"
        description="Decreased Damage on hit" value="-1"
        magic="false" />
    <property name="Exotic"
        description="Increased Weapon Damage Die" value="1"
        magic="false" />
    <property name="Long Range"
    	description="May be used at range, or at an extended range with Disadvantage; usually 80/320 or longer"
    	value="3" magic="false" />
</weapons>
